precision,recall,f1-score,support,metric_name
0.9624808575803981,0.9885961462839167,0.9753637245392822,2543.0,class_0
0.9320843091334895,0.8024193548387096,0.8624052004333694,496.0,class_1
0.9582099374794341,0.9582099374794341,0.9582099374794341,0.9582099374794341,accuracy
0.9472825833569438,0.8955077505613132,0.9188844624863258,3039.0,macro avg
0.9575197887980136,0.9582099374794341,0.9569275850340065,3039.0,weighted avg
